design_id,path_a,path_b
design_01,/content/Ml project/real_pairs/img1 (1).webp,/content/Ml project/real_pairs/img2 (1).webp
design_02,/content/Ml project/real_pairs/img3 (1).webp,/content/Ml project/real_pairs/img4 (1).webp
design_03,/content/Ml project/real_pairs/img5 (1).webp,/content/Ml project/real_pairs/img6 (1).webp
design_04,/content/Ml project/real_pairs/img7 (1).webp,/content/Ml project/real_pairs/img8 (1).webp
design_05,/content/Ml project/real_pairs/img9 (1).webp,/content/Ml project/real_pairs/img10 (1).webp
design_06,/content/Ml project/real_pairs/img11 (1).webp,/content/Ml project/real_pairs/img12 (1).webp
design_07,/content/Ml project/real_pairs/img13 (1).jpg,/content/Ml project/real_pairs/img14 (1).webp
design_08,/content/Ml project/real_pairs/img15 (1).webp,/content/Ml project/real_pairs/img16 (1).webp
design_09,/content/Ml project/real_pairs/img17 (1).webp,/content/Ml project/real_pairs/img18 (1).webp
design_10,/content/Ml project/real_pairs/img19 (1).webp,/content/Ml project/real_pairs/img20 (1).webp
